Date,KOSPI,CT,HI,MT,EN,IT,FN,CS,CD,IN,HE,CM
2012-01-08,-11.34,-16.65,-33.92,-14.92,-14.62,-13.63,-27.24,-1.63,5.99,-20.68,-7.65,0.28
2012-01-15,-9.86,-17.3,-33.59,-10.69,-12.62,-9.8,-27.75,-2.2,8.38,-20.6,-4.4,4.7
2012-01-22,-6.46,-14.84,-29.73,-4.35,-6.23,-8.57,-21.52,-0.86,11.14,-16.99,-3.16,5.44
2012-01-29,-6.21,-13.98,-31.9,-3.87,-9.61,-8.36,-17.12,1.48,8.97,-15.4,-1.16,6.79
2012-02-05,-4.28,-7.12,-27.36,-0.44,-4.52,-6.96,-14.61,1.59,13.43,-9.12,0.06,6.86
2012-02-12,-0.06,0.23,-13.97,-1.94,4.23,-4.6,-13.96,2.35,19.14,-3.39,-1.85,6.01
2012-02-19,3.02,5.77,-9.87,-2.87,3.85,-0.43,-11.47,3.33,20.54,2.4,-2.9,7.33
2012-02-26,4.19,11.51,-13.03,2.76,4.09,1.4,-12.16,6.24,19.1,5.2,-3.25,11.08
2012-03-04,6.2,17.82,-2.95,3.29,4.35,3.58,-10.95,7.23,18.16,8.03,-6.18,12.88
2012-03-11,1.94,8.52,-7.57,-2.37,-7.59,5.54,-17.14,3.45,9.71,1.75,-8.6,6.87
2012-03-18,4.69,12.19,-5.66,-4.71,-12.38,7.99,-8.86,9.32,16.74,10.2,-4.61,12.52
2012-03-25,2.12,4.73,-14.03,-12.61,-17.65,8.65,-7.45,9.04,10.24,3.59,-8.18,12.53
2012-04-01,-2.56,-0.15,-19.32,-16.04,-22.24,3.03,-12.3,7.71,3.96,-3.72,-10.95,11.51
2012-04-08,-2.83,-5.82,-23.88,-19.03,-25.86,2.63,-15,2.74,9.47,-7.33,-15.28,10.59
2012-04-15,-3.72,-8.01,-26.01,-17.61,-24.57,0.55,-12.59,4.45,5.78,-8.27,-12.45,9.6
2012-04-22,-7.68,-8.47,-22.5,-21.82,-34.64,-5.35,-14.38,4.24,-2.08,-11.09,-12.76,6.59
2012-04-29,-8.67,-17.32,-30.84,-23.97,-38.86,-3.51,-16.81,1.14,-1.87,-15.45,-17.91,1.4
2012-05-06,-7.18,-16.55,-25.68,-21.45,-33.56,-2,-17.29,0.64,-1.82,-13.89,-18.31,-1.24
2012-05-13,-10.16,-23.15,-31.6,-23.23,-38.59,-6.12,-18.26,1.08,-4.39,-15.43,-15.33,1.8
2012-05-20,-15.23,-21.99,-35.54,-26.22,-40.91,-13.56,-19.67,-3.15,-10.41,-22.47,-17.9,-4.95
2012-05-27,-8.92,-12.75,-28.12,-21.88,-34.49,-5.74,-15.74,-3.36,-5.67,-16.41,-12.55,-3.3
2012-06-03,-12.98,-20.26,-35.1,-25.18,-42.11,-5.62,-17.52,-2.59,-9.63,-22.11,-12.36,-2.81
2012-06-10,-10.09,-20.32,-33,-20.39,-39.21,-1.05,-17.34,0.37,-8.99,-21.74,-8.26,0.3
2012-06-17,-9.05,-19.28,-31.88,-19.09,-37.31,2.58,-14.58,1.4,-9.18,-18.57,-8.11,-2.37
2012-06-24,-8.67,-21.32,-30.9,-24.29,-36.05,3.87,-16.31,1.7,-7.24,-18.03,-5.42,-2.88
2012-07-01,-9.64,-23.1,-31.64,-24.32,-35.26,4.33,-16.64,2.02,-11.96,-18.31,-7.28,-0.06
2012-07-08,-12.92,-24.44,-31.47,-26.53,-34.15,-0.65,-19.93,-0.6,-14.88,-19.97,-11.41,-1.65
2012-07-15,-13.08,-28.02,-33.96,-27.28,-36.31,1.5,-20.5,3.12,-16.07,-23.84,-14.62,1.64
2012-07-22,-13.16,-31.51,-32.78,-28.61,-33.62,-1.66,-24.22,2.19,-16.2,-25.17,-16.1,-2.67
2012-07-29,-13.18,-31.94,-32.95,-29.58,-36.73,1.96,-26.1,1.38,-16.4,-23.83,-20.55,-0.78
2012-08-05,-7.37,-24.66,-24.88,-26.72,-32.45,7.14,-20.77,4.81,-8.49,-18.9,-17.99,3.63
2012-08-12,12.48,-6.86,-7.69,-11.09,-11.93,29.52,-2.15,15.82,6.34,-3.16,-4.75,11.5
2012-08-19,7.47,-11.25,-13.15,-15.05,-13.22,26.25,-7.13,11.87,2.09,-8.52,-4.15,12.57
2012-08-26,14.18,-10.96,-3.96,-9.74,-5.92,35.08,-1.92,13.11,10.25,-3.88,1.38,8.24
2012-09-02,4.83,-15.03,-14.96,-15.26,-16.81,23.18,-8.87,12.11,-0.02,-10.46,-2.69,5.84
2012-09-09,8.99,-7.25,-7.48,-14.47,-7.56,27.83,-2.33,13.31,1.87,-6.54,3.36,9.02
2012-09-16,19.25,3.87,3.16,-4.81,0.56,38.71,9.29,17.29,10.92,3.19,8.54,14.71
2012-09-23,11.41,-6.92,-1.72,-3.83,-8,25.63,5.55,17.44,1.64,-2.63,7.37,7.58
2012-09-30,18.81,1.16,12.64,11.08,8.99,30.87,6.56,20.9,4.52,10.24,16.31,7.8
2012-10-07,22.16,12.21,15.91,21.38,20.24,28.8,7.65,20.32,9.4,17.62,16.05,4.51
2012-10-14,8.07,-9.27,-6.35,5.28,-3.14,12.96,-3.74,23.02,-0.44,0.59,14.61,-0.31
2012-10-21,6.62,-11.51,-2.84,4.01,-4.93,13.52,-2.05,14.12,-5.7,0.1,2.27,-8
2012-10-28,1.16,-23.04,-8.8,-3.44,-14.14,7.41,-5.87,15.06,-10.18,-5.17,7.55,-6.41
2012-11-04,2.55,-21.94,-9.05,-5.07,-9.93,13.4,-5.14,20.7,-12.29,-5.49,14.67,-2.8
2012-11-11,1.09,-26.51,-10.06,-8.3,-12.19,15.15,-7.34,19.04,-13.95,-5.39,16.98,-6.48
2012-11-18,1.92,-25.74,-10.5,-10.33,-12.76,14.46,-4.3,20.39,-10.16,-5.64,17.47,-3.37
2012-11-25,9.95,-19.27,-6.5,-1.58,-4.96,24.74,-0.38,22.71,-5.92,1.9,17.98,1.61
2012-12-02,6.79,-18.25,-5.83,-3.04,-4.04,14.49,-3.41,18.33,-2.04,-1.07,17.14,-3.26
2012-12-09,4.21,-20.34,-9.71,-6.17,-7.54,14.22,-5.97,13.7,-6.35,-6.31,7.77,-5
2012-12-16,10.59,-14.59,-0.34,-1.67,0.09,15.41,4.51,14.99,1.83,-2.77,15.91,-1.48
2012-12-23,9.86,-13.06,4.3,1.78,4.58,12.85,6.17,18.1,-1.01,-2.39,20.07,-2.35
2012-12-30,12.09,-11.96,6.69,2.97,5.79,16.62,6.49,18.75,-0.69,-0.08,20.16,-1.2
2013-01-06,10.21,-11.78,2.64,0.74,5.39,13.62,9.3,19.99,-7.45,-1.02,22.56,0.92
2013-01-13,10.59,-14.04,0.41,-1.21,0.78,14.08,8.46,25.45,-8.71,-0.44,21.65,3.21
2013-01-20,6.82,-16.71,-8.24,-6.47,-8.02,10.38,5.49,27.8,-8.48,-5.3,24.06,5.56
2013-01-27,0.73,-22.18,-12.63,-10.97,-11.21,2.68,3.24,24.35,-13.12,-11.17,21.12,8.8
2013-02-03,1.38,-24.63,-14.05,-13.33,-15.12,1.54,0.74,21.73,-6.06,-11.71,22.51,9.75
2013-02-10,-1.1,-29.14,-20.33,-16.28,-21.9,1.28,-5.35,22.72,-6.27,-17.19,25.37,12.08
2013-02-17,-0.48,-28.12,-21.61,-13.99,-19.13,-0.34,-3.35,25.17,-5.25,-17.16,29.94,5.06
2013-02-24,1.34,-24.62,-15.45,-15.07,-18.75,2.7,2.76,24.7,-3.74,-15.75,34.82,9.63
2013-03-03,2.9,-25.84,-20.7,-15.79,-15.95,4.19,2.64,28.25,0.97,-15.17,44.63,10.99
2013-03-10,1.8,-28.38,-22.03,-14.24,-16.37,3.73,2.26,31.34,-2.05,-16.35,49.75,14.85
2013-03-17,-2.2,-30.73,-26.71,-13.07,-15.77,0.29,-5.81,26.09,-5.03,-20.57,47.21,11.35
2013-03-24,-3.63,-31.99,-26.68,-13,-15.56,-0.02,-10.98,22.05,-5.15,-21.67,48.27,6.1
2013-03-31,-0.29,-27.27,-24.19,-12.17,-13.45,3.19,-4.01,24.85,-3.95,-18.81,52.55,8.84
2013-04-07,-5.32,-30.13,-27.93,-18.05,-16.68,-0.18,-8.12,25.11,-15.3,-21.64,51.88,7.28
2013-04-14,-3.45,-34.71,-29.53,-16.55,-20.2,5.89,-4.47,24.43,-14.31,-22.21,59.74,6.58
2013-04-21,-5.28,-37.88,-31.65,-20.7,-18.77,2.79,-4.53,30.38,-17.21,-25.77,58.54,14.72
2013-04-28,-2.15,-32.66,-23.22,-12.08,-10.21,6,-0.44,30.03,-15.48,-20.75,65.19,19.62
2013-05-05,-2.69,-34.82,-26.9,-10.12,-11.91,5.55,-4.04,33.13,-14.52,-22.06,70.22,29.42
2013-05-12,-0.91,-23.8,-21.45,-6.66,-5.74,4.93,-1.28,28.46,-14.32,-20.06,65.46,27.78
2013-05-19,7.36,-18.48,-15.69,-0.4,3.08,19.54,5.72,33.19,-8.36,-12.29,65.9,39.71
2013-05-26,8.19,-22.75,-16.85,1.86,-0.98,19.02,9.12,35.15,-3.69,-13.05,66.1,43.27
2013-06-02,8.34,-21.15,-17.67,-0.49,-1.36,20.25,8.63,30.38,-4.48,-12.37,63.5,38.38
2013-06-09,3.47,-21.48,-16.12,-3.7,0.84,12.01,3.33,22.05,-5.06,-13.75,41.06,28.21
2013-06-16,-0.2,-24.43,-20.37,-8.53,-6.6,8.49,-0.07,24.36,-8.37,-18.87,47.06,32.81
2013-06-23,-4.48,-31.78,-23.19,-16.81,-14.73,4.54,-2.99,16.78,-11.96,-22.57,30.01,29.1
2013-06-30,2.09,-27.64,-18.36,-11.23,-8.96,10.75,3.05,18.84,-1.56,-19.37,32.3,29.2
2013-07-07,-3.12,-34.37,-23.32,-15.56,-14.55,3.02,-1.39,20.83,-5.44,-22.95,40.25,28.71
2013-07-14,4.6,-26.91,-14.93,-6.7,-7.01,13.26,7.4,19.87,-1.83,-17.19,41.03,32.9
2013-07-21,1.79,-27.64,-10.42,-9.12,-8.64,9.9,7.33,19.42,-2.34,-19.69,40.68,32.35
2013-07-28,6.48,-18.45,-2.78,-4.06,-2.14,13.9,14,21.2,-0.21,-14.51,45.18,30.22
2013-08-04,1.7,-23.22,-9.1,-4.61,-6,6.5,10.69,20.38,-2.71,-16.23,42.46,27.52
2013-08-11,-4.74,-28.97,-13.34,-11.65,-13.08,1.42,4.37,17.75,-8.62,-21.74,40.3,25.85
2013-08-18,-3.1,-28.05,-11,-8.49,-10.74,3.86,2.66,13.96,-6.39,-18.77,31.69,20.52
2013-08-25,-4.34,-31.14,-11.82,-12.61,-12.64,3.3,-1.24,7.88,-8.04,-21.49,24.93,14.87
2013-09-01,1.44,-26.77,-7.65,-8.52,-9.02,6.89,4.47,10.49,-2.18,-20.18,22.43,16.39
2013-09-08,4.59,-22.7,-3.18,-5.48,-5.77,7.08,8.38,12.14,3.6,-16.59,26.18,12.43
2013-09-15,2.68,-24.11,-4.21,-8.05,-5.63,6.85,7.68,13.07,1.14,-18.53,28.06,17.26
2013-09-22,0.59,-24.75,-4.11,-9.85,-7.81,5.53,3.16,12.37,-0.55,-19.59,24.15,19.38
2013-09-29,1.64,-22.38,0.21,-8.99,-5.17,8.63,6.62,9.17,1.2,-18.4,20.79,21.01
2013-10-06,1.08,-23.23,-3.38,-12.44,-6.89,7.59,7.21,8.72,-0.02,-20.28,19.02,21.47
2013-10-13,6.54,-17.31,5.3,-8.63,-0.8,14.58,12.28,7.5,5.47,-16.82,19.26,26.74
2013-10-20,6.62,-18.74,4.04,-6.37,0.12,15.46,14.84,5.54,5.13,-18.13,14.73,30.28
2013-10-27,7.47,-14.69,5.99,-1.53,2.37,11.26,14.74,4.77,9.35,-14.99,11.13,27.86
2013-11-03,9.61,-11.67,3.76,0.01,1.16,12.47,16.58,3.36,14.12,-14.92,9.07,30.52
2013-11-10,5.33,-15.5,5.57,-2.88,-3.78,4.33,13.63,2.26,14.42,-17.77,2.72,25.48
2013-11-17,9.22,-12.58,12.98,0.97,0.3,9.73,17.96,2.83,15.59,-15.24,5.35,30.84
2013-11-24,6.95,-16.51,10.36,-1.27,1.11,6.51,17.41,2.39,15.81,-17.49,8.56,29.03
2013-12-01,7.02,-18.05,7.35,-4.35,-2.44,12.93,16.55,7,8.71,-16.13,12.84,38.06
2013-12-08,2.48,-24.19,-0.4,-6.51,-5.73,12.09,13,4.82,2.51,-19.97,14.29,41.05
2013-12-15,-1.82,-30.13,-8.8,-8.16,-10.17,9.19,7.8,4.67,0.84,-21.8,8.59,37.21
2013-12-22,-0.21,-30.84,-6.06,-6.83,-10.61,12.32,9.78,4.4,1.17,-20.59,10.65,42.16
2013-12-29,1.41,-26.37,-3.35,-3.15,-7.54,14.23,11.8,5.68,3.59,-16.97,7.62,44.5
2014-01-05,-3.77,-30.9,-6.71,-7.71,-13.25,6.83,6.16,4,4.42,-19.17,5.03,41.11
2014-01-12,-3.6,-27.72,-6.04,-7.84,-12.71,8.5,6.01,2.23,5.09,-17.55,1.88,38.5
2014-01-19,-1.43,-26.71,-4.38,-4.8,-9.96,12.09,4.31,1.4,6.85,-14.82,3.16,35.41
2014-01-26,-1.13,-24.44,-3.34,-6.44,-9.34,11.59,2.37,-0.19,9.09,-13.59,4.77,24.61
2014-02-02,-0.55,-26.71,-4.16,-4.34,-11.31,12.04,0.81,2.97,11.66,-12.26,4.58,28.14
2014-02-09,-0.23,-22.96,-4.71,-4.54,-9.79,15.28,1.6,2.34,10.35,-10.48,2.74,27.36
2014-02-16,-2.2,-23.69,-4.5,-4.81,-11.45,12.67,-1.74,4.59,6.22,-13.33,6.21,28.7
2014-02-23,-3.25,-20.06,-4.32,-2.45,-10.69,7.96,-0.77,3.48,4.68,-11.07,4.96,24.74
2014-03-02,-2.46,-21.47,-5.64,-7.14,-9.54,10.47,-0.57,2.19,5.72,-10.16,1.34,27.37
2014-03-09,-1.68,-19.81,-3.4,-3.99,-7.08,10.37,-0.46,1.98,6.26,-8.36,0.67,25.35
2014-03-16,-4.35,-22.58,-7.59,-6.44,-9.03,6.82,-1.98,-0.06,4.25,-10.38,-5.19,24.37
2014-03-23,-0.87,-20.06,-2.84,-1.34,-8.83,10.84,3.22,3.78,6.08,-7.93,-1.6,24.83
2014-03-30,-0.61,-18.53,-1.24,-1.04,-6.5,7.86,3.04,3.74,7.08,-6.75,-5.87,26.82
2014-04-06,2.05,-15.91,7.92,3.27,-1.85,10.97,3.52,0.97,10.94,-2.24,-8.33,21.02
2014-04-13,2.82,-6.24,11.12,6.61,0.63,8.17,5.09,6.06,11.87,1.94,-7.3,22.76
2014-04-20,6.67,0.6,15.23,13.25,5.72,13.78,8.67,2.1,18.15,11.11,-9.74,17.12
2014-04-27,2.27,-4.74,1.92,1.08,-1.83,10.23,1.15,0.85,11.98,2.35,-11.25,14.85
2014-05-04,1.16,-0.05,-0.45,1.97,-1,8.48,4.25,0.41,10.58,4.89,-11.03,10.21
2014-05-11,-0.17,-11.65,-3.21,-3.14,-7.85,7.36,2.57,2.5,10.95,0.92,-12.54,6.26
2014-05-18,2.65,-9.65,-0.62,1.86,-6.72,9.15,4.87,4.31,11.98,3.81,-8.29,6.01
2014-05-25,3.76,-9.02,2.25,4.5,-3.41,11.58,5.14,5.17,10.62,4.85,-7,6.72
2014-06-01,0.61,-12.24,0.28,3.52,-5.35,9.53,-0.76,5.14,5.32,4.63,-10.58,6.25
2014-06-08,2.69,-11.04,-3.54,3.34,-5.23,13.83,2.9,8.73,6.55,8.49,-7.36,6.26
2014-06-15,6.99,-9.73,-1.56,9.38,-0.15,20.24,8.33,8.18,10.61,9.25,-9.22,9.02
2014-06-22,7.42,-1.39,-2.42,14.38,6.19,22.58,6.21,11.81,7.39,10.28,-4.53,10.74
2014-06-29,9.61,2.19,-1.22,20.51,8.88,24.24,10.2,15.62,8.08,12.22,0.56,16.43
2014-07-06,10.44,6.05,0.88,23.49,4.76,27.95,9.85,14.34,9.23,13.14,-6.72,13.95
2014-07-13,6.41,1.58,-9.59,17.26,-1.2,23.17,5.22,12.89,5.72,11.58,-8.26,7.45
2014-07-20,8.89,1.98,-8.4,16.36,0.02,25.69,7.23,11.64,9.31,12.3,-10.55,4.91
2014-07-27,7.52,-0.47,-9.35,15.72,-3.54,22.12,8.45,10.77,8.26,9.98,-12.28,5.28
2014-08-03,9.08,0.05,-14.25,19.53,-3.44,22.2,14.63,16.52,10.47,10.25,-16.79,9.11
2014-08-10,8.83,-4.88,-15.57,20.26,-6.62,21.63,14.25,19.48,9.78,12.07,-18.92,12.29
2014-08-17,7.59,-3.86,-13.5,18.76,-9.36,17.91,17.84,20.87,9.79,11.9,-15.5,10.92
2014-08-24,11.14,-0.81,-13.85,24.65,-5.74,22.77,21.84,27.6,11.36,17.05,-11.44,15.11
2014-08-31,7.81,-1.88,-12.83,17.32,-9.37,19.01,22.39,26.33,8.37,17.49,-8.62,16.02
2014-09-07,4.06,-7.5,-16.41,15.74,-12.2,14.81,18.71,25.46,1.79,14.95,-10.33,18.69
2014-09-14,0.73,-12.64,-22.23,12.46,-15.47,11.54,14.03,21.41,-0.1,9.58,-11.59,15.15
2014-09-21,0.99,-12.78,-21.81,10.53,-14.79,13.79,12.49,27.72,-5.58,12.4,-4.42,19.54
2014-09-28,-0.59,-12.62,-23.77,7.9,-18.34,12.73,8.85,27.21,-6.32,12.15,-5.66,14.34
2014-10-05,-3.47,-13.98,-28.31,6.43,-22.69,9.4,7.32,27.42,-7.26,10.15,-8.26,13.72
2014-10-12,-5.77,-14.46,-29.43,6.01,-24.49,3.17,8.48,26.22,-8.97,11.87,-3.99,8.97
2014-10-19,-10.06,-18.25,-33.22,5.9,-30.04,0.08,0.77,24.57,-14.96,12.99,1.45,1.86
2014-10-26,-8.84,-17.69,-33.71,3.4,-32.78,3.05,1.03,22.53,-11.06,8.65,-1.61,-1.77
2014-11-02,-5.14,-15.79,-28.1,3.45,-27.89,8.06,7.5,22.42,-12.52,10.36,-7.5,2.01
2014-11-09,-5.03,-11.32,-27.95,4.66,-27.93,8.8,10.35,25.24,-15.3,14.55,-3.34,6.03
2014-11-16,-2.92,-8.51,-22.63,8.43,-22.72,10.23,12.06,23.79,-10.31,19.54,-3.28,5.17
2014-11-23,-3.65,-9.33,-25.91,9.12,-22.22,10.4,9.73,26.38,-14.01,17.23,-3.85,9.05
2014-11-30,-4.9,-13.14,-29.02,8,-23.81,4.47,7.72,23.75,-12.64,14.28,-7.9,0.95
2014-12-07,-1.56,-11.76,-23.94,8.35,-23.41,8.06,9.92,25.09,-5.68,18.2,-5.42,5.76
2014-12-14,-3.83,-15.75,-26.38,5.22,-26.04,4.08,7.8,20.92,-7.96,12.51,-4.32,0.65
2014-12-21,-3.67,-13.55,-24.97,3.76,-23.28,5.63,3.41,18.79,-7.98,14.4,-2.42,1.92
2014-12-28,-3.94,-14.9,-26.36,3.61,-23.94,5.15,1.56,16.49,-8.19,11.86,-3.6,1.93
2015-01-04,-3.63,-18.15,-28.23,4.95,-26.31,6.99,-2.81,15.46,-8.54,10.72,-3.95,-0.14
2015-01-11,-1.6,-17.65,-31.08,10.95,-23.88,10.82,1.4,13.27,-6.78,10.17,-8.69,3.4
2015-01-18,-3.79,-22.87,-34.88,7.89,-24.82,8.35,-1.17,13.9,-9.02,1.04,-7.62,1.99
2015-01-25,0.05,-21.09,-32.43,10.03,-19.63,12.07,4.85,21.98,-10.15,3.26,-5.65,8.52
2015-02-01,0.21,-17.88,-26.44,8.52,-14.72,12.58,1.78,23.18,-12.51,4.5,-4.01,9.43
2015-02-08,2.07,-15.96,-21.55,11.45,-9.32,10.74,4.25,25.09,-12.59,8.5,-2.58,7.45
2015-02-15,0.93,-14.94,-22.2,6.92,-9.87,7.41,4.55,27.94,-13.06,9.93,-3.71,7.09
2015-02-22,0.11,-16.93,-25.31,5.39,-11.15,7.33,0.23,25.96,-12.96,9.02,-0.65,7.55
2015-03-01,-1.26,-13.8,-23.2,11.38,-8.51,4.85,0.5,23.08,-14.91,7.75,-1.88,4.48
2015-03-08,0.76,-13.32,-21.63,11.94,-6.25,4.96,-2.81,23.23,-11.69,5.78,0.4,4.51
2015-03-15,1.86,-13.47,-21.2,12.56,-6.65,4.16,-0.27,23.15,-10.86,4.71,10.8,0.96
2015-03-22,5.5,-9.39,-16.26,13.39,-2.6,7.72,5.79,30.33,-9.76,10.93,27.45,1.13
2015-03-29,0.74,-11.9,-20.67,12.62,-5.65,5.74,0.31,30.19,-16.14,8.42,31.67,2.08
2015-04-05,0.4,-12.78,-21.47,13.19,-2.86,2.44,3,34.39,-16.27,6.64,33.71,3.02
2015-04-12,1.24,-11.57,-18.77,11.59,0.94,2.68,0.02,31.66,-15.71,7.71,38.03,2.82
2015-04-19,4.79,-5.27,-14.08,15.96,5.61,3.81,8.12,38.93,-11.55,12.17,49.25,5.18
2015-04-26,5.29,-7.43,-10.6,21.32,11.36,1.81,13.75,38.84,-8.49,11.24,49.35,6.92
2015-05-03,5.82,-10.68,-9.77,19.53,12.7,3.27,12.97,37.48,-10.35,13.38,52.38,7.59
2015-05-10,4.2,-10.47,-10.08,22.11,13.32,1.07,11.22,34.22,-9.3,11.45,58.89,3.49
2015-05-17,1,-13.18,-11.14,17.69,10.1,-2.75,7.64,36.39,-12.98,10.95,64.28,0.54
2015-05-24,2.45,-12.17,-10.29,15.89,11.81,-1.48,9.78,40.14,-11.52,10.43,84.16,2.63
2015-05-31,0.57,-10.63,-13.39,15.75,9.49,-1.37,7.21,37.7,-12.11,12.24,83.23,0.5
2015-06-07,-0.77,-3.97,-13.88,12.5,12.64,-5.58,4.51,35.79,-16.81,13.39,94.11,0.83
2015-06-14,-2.6,-6.92,-16.48,10.63,13.29,-9.97,2.92,33.58,-17.02,10.63,90.6,-0.92
2015-06-21,-2.11,-10.85,-17.02,9.61,16.9,-10.71,1.61,35.08,-19.13,8.1,99.15,-3.08
2015-06-28,-0.75,-9.1,-12.88,9.83,15.77,-11.4,5.55,39.07,-17.88,10.86,112.86,-1.87
2015-07-05,-1.09,-10.6,-14.8,8.08,17.06,-13.59,3.14,40.88,-16.89,10.48,133.14,-4.06
2015-07-12,-3.41,-12.72,-12.98,2.74,13.94,-13.58,-0.73,35.16,-20.9,6.18,111.63,2.09
2015-07-19,-3.11,-3,-23.39,2.86,14.83,-13.11,-1.37,39.03,-22.31,4.79,116.67,7.53
2015-07-26,-5.46,-14.93,-31.77,-2.48,10.27,-14.02,-5.02,38.55,-17.99,5.24,121.22,6.87
2015-08-02,-8.13,-16.64,-29.33,-7.45,6.28,-16.97,-7.91,35.01,-19.69,3.03,90.16,-0.41
2015-08-09,-8.45,-16.73,-29.16,-9.81,6.15,-18.28,-9.23,34.14,-19.96,1.17,96.06,-3.49
2015-08-16,-9.48,-21.22,-34.15,-10.43,5.01,-17.63,-11.28,29.42,-19.88,-3.02,84.77,-2.99
2015-08-23,-12.26,-26.31,-40.98,-15.7,1.59,-23.38,-10.77,25.04,-20.27,-10.05,69.82,-3.86
2015-08-30,-11.48,-23.1,-37.52,-12.62,7.61,-20,-14.49,23.6,-19.03,-6.66,74.66,-8.39
2015-09-06,-12.18,-28.31,-39.65,-14.17,4.32,-17.97,-18.5,15.92,-17.86,-10.54,60.04,-12.61
2015-09-13,-8.76,-21.79,-32,-9.6,7.76,-16.38,-14.68,22.98,-13.32,-5.25,60.65,-7.03
2015-09-20,-6.57,-18.89,-29.58,-9.66,12.8,-15.1,-13.35,21.01,-9.08,-6.43,65.5,-10.17
2015-09-27,-8.26,-22.35,-33.28,-12.41,13.01,-18.05,-14.05,18.43,-9.75,-11.47,56.76,-9.63
2015-10-04,-3.82,-18.13,-31.03,-7.72,26.72,-15.1,-9.08,21.04,-3.87,-8.21,56.32,-7.53
2015-10-11,0.46,-14.18,-27.28,-2.88,33.08,-8.5,-8.25,22.21,-4.92,-8.36,52.68,-5.63
2015-10-18,3.32,-9.03,-23.3,-1.4,39.19,-6.48,-4.41,24.46,-1,-6.9,51.92,-1.72
2015-10-25,3.92,-11.52,-24.57,-5.05,48.67,-8.27,-1.21,22.78,-3.42,-6.27,62.27,-1.2
2015-11-01,1.64,-18.73,-25.54,-8.89,39.51,-9.98,-8.52,22.51,-3.26,-4.82,75.85,-0.76
2015-11-08,2.66,-20.34,-25.49,-6.91,45.52,-9.74,-8.18,22.31,2.92,-4.61,111.5,-0.52
2015-11-15,-1.59,-25.57,-32.16,-12.7,32.52,-13.08,-9.74,20.63,-3.62,-13.32,108.27,-3.11
2015-11-22,-0.29,-18.14,-29.58,-11.75,40.65,-10.81,-10.75,21.42,-2.72,-10.57,109.96,-3.07
2015-11-29,-0.29,-19.38,-28.23,-11.08,39.63,-8.41,-10.86,24.07,-5.69,-9.5,116.26,-1.4
2015-12-06,-3.35,-20.13,-28.72,-11.24,41.31,-11.64,-13.08,20.87,-8.07,-10.81,100.78,-3.61
2015-12-13,-0.74,-17.23,-29.31,-9.92,47.85,-9.75,-9.5,26.16,-5.75,-9.8,90.02,0.59
2015-12-20,1.07,-17.73,-30.32,-8.33,46.74,-9.79,-9.44,28.55,-0.04,-8.68,95.83,-1.75
2015-12-27,-0.51,-18.53,-31.02,-7.18,47.51,-11.09,-8.58,27.98,-3.23,-8.02,91.86,-4.01
2016-01-03,-0.09,-14.48,-32.42,-9.06,48.39,-11.04,-7.08,29.72,-3.45,-11.29,104.87,-2.86
2016-01-10,-2.83,-16.08,-33.2,-13.76,55.65,-16.37,-10.67,30.59,-6.73,-15.07,140.13,-4.78
2016-01-17,-5.57,-12.8,-33.46,-18.62,45.79,-19.29,-12.28,26.51,-8.29,-12.29,120.13,-6.35
2016-01-24,-6.59,-14.52,-35.13,-22.43,37.1,-18.19,-14.71,20.67,-5.5,-13.92,130.16,-7.33
2016-01-31,-5.99,-9.84,-35.18,-17.2,34.13,-20.19,-12.37,22.93,-5.07,-10.34,126.47,-8.07
2016-02-07,-5.25,-12.41,-35.92,-14.36,36.58,-19.7,-7.93,20.78,-5.46,-13.93,119.5,-8.23
2016-02-14,-7.86,-15.13,-38.89,-14.56,24.4,-21.91,-10.35,14.16,-2.24,-17.47,93.27,-9.54
2016-02-21,-4.67,-13.14,-33.24,-10.03,32.54,-17.56,-7.68,15.35,-0.15,-13.98,95.73,-7.25
2016-02-28,-5.65,-22.67,-33.08,-11.34,26.82,-16.04,-9.15,17.97,-1.48,-18.55,95.43,-5.09
2016-03-06,-4.36,-19.56,-26.51,-6.78,32.07,-15.61,-3.91,17.68,-2.31,-14.23,100.6,-5.47
2016-03-13,-2.64,-15.83,-20.92,-1.93,34.25,-12.77,-0.41,20.16,-3.41,-12.01,89.97,1.87
2016-03-20,-3.84,-15.87,-23.25,-2.87,41.84,-15.68,-3.26,16.66,-4.71,-14.13,73.26,-1.12
2016-03-27,-4.23,-15.08,-28.15,-7.78,43.5,-17.94,-2.9,11.56,-1.1,-18.69,58.02,-2.89
2016-04-03,-3.27,-13.86,-27.07,-5.71,41.17,-15.3,-3.73,10.66,-2.93,-20.06,62.04,-0.37
2016-04-10,-4.82,-17.53,-29.39,-6.3,32.42,-14.58,-4.67,13.33,-3.63,-18.83,58.95,0.81
2016-04-17,-4.83,-19.53,-25.03,-0.08,25.62,-14.53,-6.75,10.18,-4.76,-18.58,48.8,1.35
2016-04-24,-5.93,-18.92,-25.85,0.89,17.89,-15.79,-5.9,8.57,-5.24,-18.47,35.09,-1.01
2016-05-01,-6.9,-11.48,-26.11,-3.91,13.4,-16.18,-11.05,7.82,-6.98,-19.3,32.82,-4.96
2016-05-08,-7.37,-15.97,-29.25,-9.71,10.45,-14.15,-14.95,9.68,-7.77,-19.34,29.23,-0.82
2016-05-15,-6.98,-17.97,-29.79,-13.2,10.1,-13.78,-15.97,11.21,-7.3,-19.73,26.87,2.88
2016-05-22,-8.43,-19.73,-31.03,-13.43,13.24,-14.92,-15.04,4.05,-10.11,-20.51,17.24,3
2016-05-29,-5.37,-22.54,-29.2,-11.57,15.8,-12.27,-11.31,8.21,-7.88,-20.61,23.97,6.33
2016-06-05,-2.11,-21.95,-24.09,-13.14,9.15,-12.49,-10.95,11.58,-0.46,-18.76,30.23,8.69
2016-06-12,0.51,-22.12,-20.2,-9.46,9.22,-6.31,-9.84,11.41,1.65,-18.65,36.97,8.84
2016-06-19,-1.26,-22.2,-22.52,-12.69,2.14,-7.5,-10.66,7.32,-0.85,-18.99,24.09,3.96
2016-06-26,-4.5,-27.02,-26.4,-16.23,-2.6,-6.64,-13.42,3.74,-2.9,-22.85,13.84,3.43
2016-07-03,-1.62,-23.05,-25,-13.59,-1.11,-3.1,-11.63,6.23,-2.7,-21.07,7.7,6.82
2016-07-10,1.17,-23.42,-21.36,-10.01,7.81,1.08,-11.14,8.02,-3.03,-17.41,19.25,7.8
2016-07-17,2.36,-27.89,-12.14,-3.51,5.12,3.6,-7.51,2.71,-0.45,-18.1,4.6,6.29
2016-07-24,2.69,-24.42,-3.72,-2.87,3.24,2.28,-4.31,4.02,-2.27,-15.33,5.47,4.53
2016-07-31,4.11,-14.91,7.91,2.52,12.95,6.23,-2.83,-0.38,-5.47,-15.38,12.98,5.83
2016-08-07,5.69,-14.19,12.79,2.52,15.11,13.14,-5.55,-5.13,-5.95,-17.13,12.72,7.61
2016-08-14,9.94,-4.76,24.93,6.3,26.54,17.32,-2.91,-0.95,-2.22,-10.58,29.21,12.19
2016-08-21,12.43,-0.57,32.13,4.42,23.58,25.08,-4.21,-1.66,-4.38,-6.96,29.33,11.88
2016-08-28,14.58,-0.81,28.78,6.78,21.91,27.41,0.71,0.61,-2.89,-8.05,25.03,17.87
2016-09-04,13.61,-1.82,31.19,7.93,19.34,24.17,3.45,0.45,-4.46,-4.66,25.29,17.61
2016-09-11,11.78,-4.32,28.48,5.99,18.23,19.71,4.55,1,-3.2,-7.36,29.66,17.36
2016-09-18,9.69,-10.97,17.62,1.52,14.57,18.54,1.93,-1.32,-3.65,-9.25,27.27,14.99
2016-09-25,12.31,-7.5,20.56,5.8,13.38,21.63,3.27,1.18,-0.28,-7.17,27.79,18.48
2016-10-02,10.76,-4.63,25.46,7.45,12.44,22.07,0.35,-2.31,-5.63,-6.35,23.83,18.6
2016-10-09,8.74,-7.3,28.78,2.67,5.69,17.21,1.85,-5.51,-3.88,-8.82,12.33,15.84
2016-10-16,6.05,-8,22.35,-1.17,10.27,14.69,1.55,-4.48,-6.75,-14.26,13.07,14.63
2016-10-23,5.1,-10.74,22.28,2.17,10.32,12.05,1.79,-5.95,-7.7,-13.83,1.83,14.56
2016-10-30,4.58,-2.58,19.85,1.58,4.22,15.1,2,-8.07,-6.04,-16.52,-11.99,15.8
2016-11-06,1.93,-7.41,6.57,4.58,4.04,10.27,-0.66,-7.47,-11.57,-20.62,-18.38,13.11
2016-11-13,4.38,5.33,20.13,17.38,11.82,9.49,7.1,-5.74,-11.99,-14.28,-24.83,10.05
2016-11-20,5.54,3.4,27.87,21.37,8.19,12.1,8.51,-7.37,-11.79,-10.59,-24.35,11
2016-11-27,4.19,-7.01,20.53,21.72,2.48,9.38,7.92,-10.96,-10.15,-13.52,-32.67,9.74
2016-12-04,4.45,-3.52,15.83,16.89,2.81,9.97,8.69,-13.03,-11.87,-16.55,-31.5,6.12
2016-12-11,11.01,3.29,20.91,31.4,8.37,16.73,15.06,-8.59,-5.9,-9.22,-29.34,11.45
2016-12-18,9.83,5.73,25.81,27.41,6.27,16.46,12.88,-8.34,-8.76,-7.91,-20.58,10.59
2016-12-25,8.09,5.2,25.85,22.95,3.03,14.79,9.86,-10.72,-8.2,-11.08,-22.86,7.59
2017-01-01,9.96,2.47,26.54,23.42,4.98,18.57,9.18,-10.11,-6.15,-11.26,-25.07,10.97
2017-01-08,14.46,8.91,37.46,28.2,7.94,25.89,13.52,-10.9,-0.31,-4.13,-32.3,14.8
2017-01-15,17.05,1.91,44.41,41.96,10.04,30.92,14.88,-10.74,-1.23,-3.74,-34.38,15.76
2017-01-22,21.1,4.12,52.23,49.71,15.72,33.73,28.34,-7.21,0.2,2.39,-37.72,19.39
2017-01-29,21.46,2.61,43.06,43.92,14.76,36.02,27.3,-7.69,-4.24,-6.53,-41.7,15.25
2017-02-05,19.79,-2.45,44.54,40.04,11.42,42.01,23.85,-11.29,-5.93,-10.18,-41.23,20.03
2017-02-12,17.48,-0.93,40.24,30.21,8.85,36.9,21.47,-9.71,-6.81,-11.92,-37.47,19.54
2017-02-19,18.24,0.63,34.02,31.65,12.14,35.44,19.29,-4.22,-6.02,-9.44,-23.09,19.7
2017-02-26,17.41,1.99,34.99,23.14,4.94,32.25,20.77,-3.63,-6.54,-7.33,-24.57,21.71
2017-03-05,14.62,0.48,29.1,20.51,1.85,30.44,19.32,-9.77,-10.6,-10.46,-31.41,18.57
2017-03-12,15.05,-2.98,19.57,15.01,0.25,33.01,18.18,-7.43,-9.93,-11.36,-30.33,19.97
2017-03-19,17.75,1,30.95,19.02,1.41,36.62,20.98,-8.47,-7.32,-9.79,-31.44,21.7
2017-03-26,17.7,-2.75,36.27,16.04,0.51,39.14,20.61,-6.02,-5.79,-6.49,-30.48,27.51
2017-04-02,16.31,-4.1,27.99,15.47,-0.35,39.92,16.14,-6.96,-5.64,-5.64,-31.07,23.28
2017-04-09,17.34,-2.68,30.53,9.26,-0.27,41.7,18.09,-7.02,-6.05,-6.44,-31.61,24.33
2017-04-16,13.54,-7.9,13.29,-0.39,-6.92,38.42,12.94,-8.81,-8.78,-10.93,-29.43,22.11
2017-04-23,14.42,-6.69,15.33,-1.66,-0.84,40.72,14.35,-6.04,-8.63,-9.23,-27.48,26.06
2017-04-30,18.94,-7.79,20.52,1.4,4.39,47.07,17.06,-8.93,-8.78,-7.51,-27.25,26.17
2017-05-07,22.6,-1.88,26.93,7.18,9.33,50.89,24.76,-9.65,-4.27,-5.49,-23.04,24.15
2017-05-14,25.52,3.1,27.81,11.6,10.92,54.83,29.65,-8.51,-0.33,-3.83,-20.42,22.28
2017-05-21,27.19,9.33,31.33,14.74,16.22,53.25,28.11,-5.88,7.05,-2.85,-23.29,26.54
2017-05-28,30.14,16.9,36.89,21.31,20.49,55.97,33.92,-3.67,6.88,-0.17,-23.04,28.49
2017-06-04,28.58,14.72,31.91,21.18,19.97,55.79,33.47,-3.09,6.85,-0.19,-22.89,31.64
2017-06-11,26.12,8.38,24.71,17.31,16.85,58.8,32.39,-5.26,4.32,-3.02,-25.44,33.4
2017-06-18,29.51,13.04,37.29,22.3,19.26,58.59,40.71,-2.35,7.38,0.28,-22.1,36.32
2017-06-25,28.48,9.5,26.51,19.81,20.53,58.25,34.18,-4.04,4.25,-4.02,-21.86,33.8
2017-07-02,30.24,13.39,27.79,29.69,23.19,59.59,44.26,-7.18,6.06,-4.71,-21.43,31.91
2017-07-09,29.53,13.1,27,29.4,23.51,56.54,47.04,-8.92,5.39,-5.03,-22.87,28.38
2017-07-16,29.56,10.92,17.57,21.37,23.63,54.99,45.89,-7.49,3.33,-7.78,-24.16,25.71
2017-07-23,31.04,12.31,18.12,24.77,28,56.67,48.92,-5.49,3.27,-9.39,-20.24,29.97
2017-07-30,27.28,4.47,9.14,26.39,28.54,44.43,43.46,-2.41,3.05,-7.31,-17.95,24.83
2017-08-06,28.36,0.96,11.78,31.66,31.56,44.97,45.5,-2.51,5.38,-7.72,-18.78,26.32
2017-08-13,20.61,-2.83,3.26,27.05,25.79,36.28,36.08,-5.51,-0.34,-11.33,-22.4,19.63
2017-08-20,21.95,-4.15,-3.85,28.89,27.16,38.73,36.22,-3.64,0.29,-10.64,-18.15,17.46
2017-08-27,23.46,-4.99,-1.71,28.97,32.6,40.53,39.81,-1.5,-0.01,-11.81,-18.02,19.25
2017-09-03,22.68,-3.98,-4.06,30.79,35.38,43.23,29.62,-3.69,-2.28,-14.43,-13.36,16.69
2017-09-10,20.28,-6.61,-9.52,24.91,36,42.47,23.78,-8.49,-9.99,-15.44,-13.08,15.08
2017-09-17,27.15,-3.99,-3.33,24.25,41.56,57.42,30.49,-6.75,-8.81,-14.17,-7.05,19.49
2017-09-24,25.11,-8.85,-6.21,20.18,35.25,52.76,33.86,-11.1,-10.16,-18.22,-11.9,16.37
2017-10-01,23.99,-10.55,-5.69,20.27,34.43,49.41,29.76,-9.85,-6.4,-17.06,-14.32,13.98
2017-10-08,23.99,-10.55,-5.69,20.27,34.43,49.41,29.76,-9.85,-6.4,-17.06,-14.32,13.98
2017-10-15,31.57,-9.8,-4.81,28.23,39.25,57.62,32.87,-3.21,-2.4,-11.66,13.17,20.3
2017-10-22,29.89,-6.9,-1.77,27.44,32.13,56.07,25.61,-1.08,-0.05,-5.72,20.6,20.47
2017-10-29,30.91,-5.49,-0.47,27.21,36.37,54.64,25.95,1.57,1.14,-6.52,19.05,20.13
2017-11-05,36.83,-1,10.11,26.22,39.06,64.89,28.58,4.06,6.29,-0.6,36.78,23.47
2017-11-12,34.39,-0.29,5.22,19.77,35.91,62.67,21.33,4.43,9.01,-7.39,24.77,22.46
2017-11-19,36.26,-4.85,-6.27,12.91,33.67,66.88,23,7.91,9.82,-9.72,37.61,28.63
2017-11-26,35.92,-0.37,-1.79,11.49,37.86,65.55,21.67,12,10.24,-8.89,53.42,28.86
2017-12-03,30.33,2.41,0.69,15.19,35.8,54.93,20.94,12.73,12.33,-8.57,50.35,31.01
2017-12-10,26.55,-0.91,-10.62,2.99,29.29,51.72,18.04,10.12,6.73,-11.09,44.96,31.23
2017-12-17,27.42,0.48,-9.5,7.84,31.04,51.57,23.87,11.11,6.7,-9.6,40.08,30.63
2017-12-24,25.2,-3.01,-11.66,7.05,31.06,47.17,24.04,10.83,4.73,-11.49,43.78,27.75
2017-12-31,27.47,-0.45,-15.53,11.32,33.69,49.78,26.12,10.32,6.87,-8.31,39.79,30.9
2018-01-07,28.01,0.81,-6.76,15.24,31.82,50.48,27.78,9.27,-1.2,-8.57,46.55,26.53
2018-01-14,23.37,5.57,-6.35,12.85,30.51,39.27,33.76,11.11,1.99,-6.78,66.86,22.72
2018-01-21,25.47,8.89,-4.64,9.95,32.29,40.97,31.54,11.85,5.7,-5.48,57.35,23.5
2018-01-28,26.39,12.4,3.22,14.25,38.19,40.96,30.59,12.23,7.89,1.31,74.45,26.37
2018-02-04,24.15,12.4,0.72,10.92,35.57,34.23,30.77,11.69,14.15,-1.19,71.33,22.85
2018-02-11,16.08,-1.68,-7.29,8.56,28.45,25.17,18.11,4.39,5.28,-5.09,55.79,5.86
2018-02-18,19.63,-3.76,-10.47,5.44,27.27,34.96,19.61,1.21,1.07,-7.28,57.58,8.52
2018-02-25,18.35,-0.29,-10.91,5.6,32.97,31.18,25.22,3.04,1.9,-4.42,51.29,7.38
2018-03-04,15.28,-5.49,-14.07,1.74,32.66,29.53,20.17,0.06,0.53,-7.01,47.18,6.37
2018-03-11,19.21,0.44,-8.66,2.6,36.89,36.43,18.41,2.82,3.22,-5.64,49.12,5.54
2018-03-18,17.45,-2.53,-12.09,-0.18,33.06,36.19,12.94,2.37,1.97,-2.81,54.83,2.98
2018-03-25,12.66,-7.33,-14.68,-1.42,28.85,27.45,12.3,-3.05,-4.26,-6.35,50.98,-2.77
2018-04-01,13.86,-0.96,-10.94,0.57,26.11,27.03,14.77,0.78,-0.29,-0.86,52.12,0.3
2018-04-08,13.58,0.74,-13.79,-0.29,26.65,24.88,10.35,2.58,6.08,-1.74,50.65,-2.6
2018-04-15,14.9,3.28,-12.81,1.24,26.94,25.84,13.22,2.9,4.82,-1.4,58.96,-5.22
2018-04-22,16.58,11.92,-11.56,7.24,26.26,26.38,12.4,-0.29,4.75,-1.5,42.16,-8.38
2018-04-29,13.85,9.63,-14.6,4.25,18.89,22.53,12.51,0.98,4.31,-4.66,42.98,-5.81
2018-05-06,10.34,22.4,-8.22,9.43,19.63,14.95,9.48,1.84,1.99,-5.32,25.63,-8.07
2018-05-13,8.25,17.4,-3.55,8.5,18.97,14.54,6.2,-2.41,-2.36,-6.6,19.12,-7.99
2018-05-20,7.63,26.29,0.86,10.2,18.58,14.61,6.49,-2.52,-3.63,-4.38,27.27,-9.19
2018-05-27,6.14,7.99,-13.95,-2.2,10.12,17.53,1.67,-5.45,-9.5,-12.28,26.94,-10
2018-06-03,4.94,13.19,-7.37,-0.48,7.66,15.23,-1.03,-6.71,-10.58,-13.04,20.43,-12.21
2018-06-10,4.76,13.59,-8.32,2.98,15.13,12.16,1.94,-3.65,-9.23,-12.93,11.65,-11.34
2018-06-17,2.54,9.58,-16.94,0.39,17.02,8.06,-1.55,-2.05,-10.41,-12.2,12.68,-11.7
2018-06-24,-0.04,8.64,-13.51,-5.83,9.18,6.54,-2.5,-1.12,-12.21,-15.84,13.75,-8.74
2018-07-01,-2.25,2.68,-17.08,-13.58,9.82,3.32,-7.58,-0.7,-13.51,-16.43,8.65,-9.07
2018-07-08,-4.17,1.16,-18.35,-19.35,4.94,2.56,-6.21,-3.01,-13.87,-16.45,8.5,-9.1
2018-07-15,-3.74,0.31,-20.05,-21.24,5.28,5.76,-6.8,-0.83,-11.68,-18.3,14.13,-3.92
2018-07-22,-5.56,-6.66,-23.02,-25.26,0.74,5.04,-10.48,-6.46,-10.46,-18.28,10.7,-8.71
2018-07-29,-5.28,-1.9,-19.36,-21.56,3.13,7.96,-12.57,-8.82,-10.12,-19.94,2.83,-8.97
2018-08-05,-3.45,11.32,-14.85,-21.42,3.32,8.68,-12.44,-5.99,-10.63,-15.72,14.13,-8.73
2018-08-12,-2.88,11.72,-13.41,-20.82,1.31,6.36,-11.98,-5.79,-8.09,-17.9,19.65,-6.71
2018-08-19,-4.75,11.82,-9.6,-22.82,1.85,2.9,-12.26,-6.73,-7.35,-17.64,19.35,-5.51
2018-08-26,-2.99,17.68,-3.63,-20.69,-2.13,5.01,-11.33,-5.64,-8.18,-14.9,20.42,-4.84
2018-09-02,-0.72,16.26,-6.45,-19.93,-4.18,6.73,-9.34,-4.74,-5.99,-16.24,19.18,-3.99
2018-09-09,-2.69,21.72,2.13,-19.03,-4.3,0.57,-6.22,-2.54,-0.73,-11.9,20.3,-6.55
2018-09-16,-2.96,31.65,6.43,-17.72,-5.43,-3.59,-6.23,2.57,1.03,-8.55,18.78,-3.36
2018-09-23,-3.59,28.45,6,-13.11,-3.68,-5.3,-6.41,1.34,0.47,-6.33,18.72,-3.95
2018-09-30,-2.25,31.03,10.79,-12.11,-1.03,-4.35,-2.61,4.74,-1.16,-8.57,22.03,-2.2
2018-10-07,-5.98,28.67,12.14,-16.08,-4.79,-8.47,-2.04,-0.96,-7.31,-11.67,11.77,-5.36
2018-10-14,-13.07,13.63,-2.94,-23.94,-10.55,-13.45,-11.7,-6.49,-14.22,-18.19,-0.84,-8.51
2018-10-21,-12.87,10.22,-7.56,-26.88,-10.64,-12.08,-10.26,-9.12,-16.36,-21.21,-3.67,-10.24
2018-10-28,-17.98,-3.07,-13.67,-27.74,-13.14,-19.35,-12.43,-13,-22.31,-23.55,-14,-15.29
2018-11-04,-17.51,1.81,-12.32,-26.79,-11.33,-17.41,-12.24,-13.49,-23.05,-20.67,-12.12,-15.47
2018-11-11,-17.79,-2.52,-12.02,-26.78,-14.12,-17.67,-10.24,-16,-24.54,-19.05,-13.87,-13.02
2018-11-18,-17,4.4,-1.22,-23.49,-10.6,-17.68,-11.75,-13.77,-23.32,-14.9,-20.15,-11.54
2018-11-25,-18.67,6.49,0.29,-24.73,-13.4,-20.45,-11.79,-13.93,-25.92,-15.8,-19.05,-10.83
2018-12-02,-14.78,9.83,-0.59,-26.39,-11.37,-12.33,-13.23,-11.66,-22.92,-13.17,-12.8,-4.03
2018-12-09,-15.31,11.13,10.95,-24.36,-11.3,-16.19,-13.06,-12.33,-22.35,-12.25,-7.4,-11.19
2018-12-16,-16.47,19.72,15.89,-21.78,-10.99,-20.07,-14.43,-10.82,-17.39,-10.34,-11.82,-13.15
2018-12-23,-15.31,15.27,11.31,-23.8,-11.04,-18.11,-13.62,-9.31,-15.48,-8.96,-11.45,-10.02
2018-12-30,-17.36,13.06,15.94,-25.14,-14.55,-19.76,-15.92,-10.05,-18.38,-10.96,-14.19,-12.52
2019-01-06,-18.61,6.84,7.06,-26.94,-18.47,-23.24,-17.01,-8.45,-13.73,-12.4,-14.87,-9.65
2019-01-13,-15.98,4.98,1.73,-25.44,-16.61,-15.85,-21.86,-10.54,-15.81,-11.84,-18.97,-9.99
2019-01-20,-14.76,10.34,7.08,-25.17,-12.81,-15.66,-18.79,-10.91,-12.15,-9.58,-20.98,-9.65
2019-01-27,-13.63,5.42,1.88,-26.71,-15.81,-10.46,-18.5,-10,-14.13,-14.53,-20.74,-10.32
2019-02-03,-12.18,4.44,0.69,-24.54,-15.86,-9.6,-16.95,-9.45,-12.43,-14.6,-21.56,-12.76
2019-02-10,-7.46,13.89,7.22,-20.36,-9.1,-4.18,-11.9,-5.19,-10.8,-7.78,-14.63,-3.12
2019-02-17,-7.47,16.56,8.28,-20.09,-7.56,-3.69,-12.35,-1.56,-7.06,-5.14,-15.81,-2.51
2019-02-24,-5.25,15.79,12.61,-16.09,-6.95,-1.17,-13.2,0.29,-7.42,-4.45,-14.41,-3.87
2019-03-03,-7.07,11.34,5.51,-17.39,-9.06,-3.7,-13.47,1.22,-6.58,-4.08,-12.79,-0.33
2019-03-10,-10.55,7.58,-4.81,-19.19,-11.28,-10.17,-13.76,2.64,-8.05,-5.55,-12.76,-2.13
2019-03-17,-11.13,7.75,-4.02,-12.96,-12.02,-13.59,-9.72,2.39,-7.53,-8.23,-15.49,-3.4
2019-03-24,-10.3,6.35,-8.43,-15.26,-12.66,-9.84,-14.01,1.34,-6.96,-11.5,-18.83,-3.52
2019-03-31,-9.63,6.97,-5.28,-15.51,-13.46,-6.71,-12.5,-0.59,-7.93,-14.5,-21.98,-0.64
2019-04-07,-5.99,8.47,2.27,-7.1,-10.85,-2.98,-3.83,-4.1,-7.4,-10.67,-20.9,-1.65
2019-04-14,-5.49,1.76,2.24,-6.89,-9.91,-1.91,-4.54,-1.08,-4.46,-8.15,-21.97,1.75
2019-04-21,-8.32,-7.07,-2.13,-11.57,-9.96,-4.04,-7.92,-1.3,-2.31,-11.25,-15.83,5.67
2019-04-28,-9.2,-7.44,-2.93,-15.1,-11.35,-3.87,-11.41,-2.88,-4.08,-12.47,-16.18,6
2019-05-05,-9.26,-11.89,-3.18,-19.13,-12.3,-2.33,-9.93,-6.51,-4.56,-9.79,-10.87,6.93
2019-05-12,-12.08,-18.23,-17.62,-23.34,-14.46,-8.24,-10.67,-9.17,-6.1,-13.77,-15.22,10.01
2019-05-19,-13.75,-20.2,-17.95,-25.57,-15.73,-10.47,-12.2,-11.17,-9.83,-15.99,-18.15,6.5
2019-05-26,-14.59,-19.66,-19.41,-23.55,-16.87,-13.44,-8.52,-13.27,-8.19,-13.35,-20.94,3.01
2019-06-02,-12.96,-20.4,-17.1,-20.97,-15.18,-11.91,-6.34,-11.62,-4.81,-9.86,-20.67,3.99
2019-06-09,-13.4,-16.02,-17.59,-25.38,-17.51,-11.57,-11.07,-14.84,-6.27,-10.91,-17.82,2.33
2019-06-16,-10.87,-7.13,-6.12,-18.84,-16.18,-9.98,-9.03,-15.32,-3.8,-7.74,-16.43,1.84
2019-06-23,-6.15,-2.37,-0.35,-10.86,-11.43,-6.2,-4.26,-13.31,2.23,0.16,-11.66,3.95
2019-06-30,-4.46,0.54,1.75,-7.77,-10.46,-3.29,-2.65,-14.61,2.94,-1.63,-14.67,1.74
2019-07-07,-3.4,0.73,5.56,-2.97,-3.38,-5.14,-4.16,-10.41,7.25,1.4,-16.72,0.98
2019-07-14,-4.9,-4.85,5.48,-6.79,-7.96,-6.74,-5.49,-13.17,3.28,-1.39,-22.59,-3.35
2019-07-21,-4.73,-4.22,6.72,-5.11,-8.02,-6.35,-3.52,-10.07,1.53,2.6,-21.74,1.38
2019-07-28,-5.86,-13.21,-5.05,-12.75,-14.05,-6.03,-7.21,-12.83,-0.13,-0.81,-19.53,0.04
2019-08-04,-8.11,-17.47,-9.09,-16.04,-15.16,-6.41,-10.42,-15.86,-1.46,1.88,-25.59,1.83
2019-08-11,-12.11,-19.16,-16.28,-19.35,-19.76,-10.04,-13.98,-18.59,-4.21,-1.56,-32.63,0.36
2019-08-18,-9.66,-21.75,-16.11,-17.8,-20.63,-4.67,-15.56,-17.88,-5.54,-0.77,-29.05,-1.76
2019-08-25,-10.74,-22.21,-14.7,-19.04,-16.56,-8.76,-14.28,-17.73,-4.99,0.04,-31.48,1.24
2019-09-01,-10.87,-20.23,-11,-22.09,-16.48,-9.13,-13.82,-15.99,-2.78,1.08,-32.8,1.9
2019-09-08,-7.45,-20.34,-9.82,-17.66,-14.74,-4.48,-11.25,-14.02,-5.54,0.52,-32.87,4.4
2019-09-15,-5.01,-23.26,-9.03,-12.56,-13.88,-3.06,-8.17,-12.51,-2.86,-0.96,-32.49,4.04
2019-09-22,-5.18,-18.07,-9.48,-14.54,-12.69,-2.45,-8.17,-12.38,-3.19,-1.91,-31.73,1.47
2019-09-29,-7.89,-21.2,-15.52,-19.5,-19.02,-3.66,-14.03,-13.42,-4.32,-6.51,-35.87,0.76
2019-10-06,-5.86,-24.22,-19.78,-16.89,-16.4,-0.19,-18.05,-12.52,-2.64,0.74,-31.87,-1.15
2019-10-13,1.29,-14.13,-7.8,-9.73,-9.18,7.16,-12.64,-6.57,3.28,8.15,-22.69,4
2019-10-20,1,-12.31,-9.89,-10.05,-11.35,5.59,-10.56,-6.51,4.12,8.21,-19.21,3.89
2019-10-27,6.71,-9.04,-2.58,-9.41,-10.07,15.07,-9.5,-7.78,9.52,9.17,-6.98,6.53
2019-11-03,8.63,-3.77,-3.84,-6.7,-6.42,13.89,-7.79,-0.73,13.98,12.33,0.1,13.91
2019-11-10,6.74,-4.57,-9.13,-7.72,-6.5,11.56,-6.13,-0.88,14.5,8.42,-10.2,12.14
2019-11-17,8.54,-5.78,-11.6,-9.4,-6.83,13.34,-5.54,-1.06,15.4,8.29,-6.83,12.09
2019-11-24,7.06,-9.76,-19.01,-13.05,-11.45,13.24,-4.93,-4.72,18.33,4.94,-10.7,8.05
2019-12-01,3.57,-15.7,-16.67,-10.88,-11.84,6.33,-5.8,-6.6,11.67,2.54,-10.86,1.42
2019-12-08,6.19,-16.93,-17.6,-12.85,-13.54,13.27,-3.73,-7.21,9.85,2.09,-11.05,6.51
2019-12-15,10.47,-16.34,-18.35,-11.42,-9.8,19.02,2.81,-8.76,6.75,2.2,-13.83,6.68
2019-12-22,14.4,-17.74,-13.11,-11.97,-6.08,28.19,0.11,-8.83,7.47,1.19,-8.76,11.05
2019-12-29,15.95,-15.66,-10.61,-9.96,-5.55,28.05,2.51,-7,9.74,2.55,-7.75,11.17
2020-01-05,16.35,-15.2,-11.13,-8.78,-1.4,30.76,0.49,-6.88,7.98,0.64,-6.5,11.42
2020-01-12,14.5,-20.45,-13.13,-17.07,-8.85,26.57,-1.66,-6.29,3.64,-4.82,-10.25,12.15
2020-01-19,14.18,-18.99,-14.9,-15.14,-10.77,27.4,-4.9,-3.13,2.5,-5.53,-8.1,15.16
2020-01-26,12.98,-21.84,-19.09,-17.55,-12.04,27.12,-4.59,-5.96,1.95,-6.08,-7.28,14.35
2020-02-02,1.86,-28.6,-27.06,-25.13,-18.4,14.99,-13.19,-13.08,-5.98,-10.69,-12.7,13.48
2020-02-09,6.84,-25.82,-22.98,-21.49,-13.46,20.48,-12.81,-10.55,-2.22,-7.48,-7.95,18.16
2020-02-16,7.43,-27.1,-20.77,-20.13,-12.87,21.98,-15.6,-9.69,-0.14,-10.37,-9.49,18.01
2020-02-23,3.77,-30.59,-27.58,-25.46,-17.75,19.78,-17.75,-14.5,-4.89,-16.65,-14.38,19.1
2020-03-01,-3.35,-32.14,-29.66,-29.87,-25.58,9.68,-21.61,-22.56,-14.39,-23.09,-18.35,10.36
2020-03-08,0.61,-30.61,-27.21,-29.6,-23.65,16.07,-22.52,-20.74,-13.28,-20.75,-14.34,15.13
2020-03-15,-10.76,-41.36,-42.85,-38.71,-33.47,2.58,-33.31,-29.03,-26.14,-29.91,-20.92,7.9
2020-03-22,-21.9,-52.56,-51.69,-50.51,-45.94,-11.39,-44.53,-34.27,-39.28,-39.57,-24.12,-2.95
2020-03-29,-13.77,-45.85,-43.94,-40.71,-35.51,-4.36,-32.38,-29.32,-29.51,-32.91,-10.88,1.45
2020-04-05,-17.03,-43.54,-43.62,-43.25,-36.4,-11.41,-38.49,-26.7,-32.67,-34.27,-7.83,5.58
2020-04-12,-11.89,-38.29,-37.93,-38.26,-30.74,-5.72,-32.91,-23.18,-25.42,-26.8,0.66,6.39
2020-04-19,-10.15,-36.45,-38.32,-36.51,-27.01,-2.01,-33.46,-22.46,-26.88,-26.68,1.34,8.35
2020-04-26,-9.76,-33.91,-37.61,-35.37,-26.09,-2.02,-34.72,-18.45,-30.66,-25.18,3.34,13.23
2020-05-03,-7.92,-32.08,-35.33,-32.99,-22.52,-0.66,-29.01,-15.21,-27.27,-23.95,3.18,14.96
2020-05-10,-6.3,-32.25,-32.21,-30.7,-22.69,1.67,-30.54,-12.91,-24.95,-23.95,9.68,16.6
2020-05-17,-3.73,-31.25,-31.96,-32.27,-21.86,6.71,-30.3,-8.09,-23.63,-23.13,15.23,21.94
2020-05-24,-0.41,-29.9,-29.39,-28.77,-13.41,11.96,-31.18,-6.7,-19.35,-18.42,18.65,32.46
2020-05-31,5,-24.41,-22.37,-26.12,-6.72,19.09,-26.12,-4.98,-16.25,-15.04,22.3,36.34
2020-06-07,10.91,-22.7,-12.57,-17.07,-1.82,24.44,-17.94,-2.55,-9.97,-11.21,30.48,35.87
2020-06-14,5.67,-31.35,-19.88,-25.32,-2.1,19.02,-26.23,-7.67,-15.82,-19.54,44.66,35.59
2020-06-21,5.27,-31.49,-20.74,-28.61,2.27,19.36,-26.77,-9.77,-18.05,-20.61,41.94,36.6
2020-06-28,5.19,-31.6,-25.05,-33.14,2.75,17.47,-29.01,-8.95,-18.89,-21.85,42.22,40.72
2020-07-05,7.37,-28.1,-21.33,-30.07,-0.04,18.74,-26.95,-5.79,-17.03,-20.09,41.16,50.93
2020-07-12,8.5,-24.3,-23.44,-28.48,2.63,19.39,-27.94,-6.41,-17.91,-20.33,55.52,63.82
2020-07-19,9.86,-19.6,-21.62,-25.8,-0.2,19.4,-25.1,-4.18,-9.8,-17.69,60.69,54.52
2020-07-26,8.82,-19.35,-18.65,-23.63,2.15,17.21,-25.83,-6.59,-11.99,-18.83,71.61,49.85
2020-08-02,14.94,-18.3,-12.81,-18.92,8.25,23.33,-22.87,-2.77,-8.03,-18.14,72.81,56.15
2020-08-09,26.86,-6,-5.4,-7.93,38.89,40.45,-15.55,7.16,1.63,-10.85,116.62,64.64
2020-08-16,28.1,-4.36,-1.81,-6.78,36.76,33.87,-4.73,15.07,9.1,-10.86,97.99,65.44
2020-08-23,21.17,-15.58,-16.3,-15.11,27.7,28.32,-11.79,8.05,2.82,-18.84,92.18,60.29
2020-08-30,24.96,-9.67,-11.67,-13.62,38.11,34.23,-9.04,8.79,6.33,-16.96,97.36,69.05
2020-09-06,21.88,-10.52,-15.06,-17.63,37.1,28.1,-12.63,2.33,3.85,-16.34,91.13,67.23
2020-09-13,19.43,-15.89,-18.21,-20.82,30.4,30.11,-16.31,3.1,3.45,-15.14,86.93,61.67
2020-09-20,19.19,-19.07,-20.43,-19.88,25.33,32.33,-17.11,2.83,8.08,-13.17,77,59.76
2020-09-27,13.07,-24.25,-23.66,-22.91,18.06,25.67,-19.55,-3.3,-1.24,-17.67,63.55,52.34
2020-10-04,16.54,-21.26,-20.34,-20.07,24.22,29.58,-16.64,-0.68,4.58,-14.46,69.78,56.79
2020-10-11,19.54,-17.11,-18.41,-12.75,32.25,30.63,-11.99,2.42,9.35,-10.62,64.73,58.03
2020-10-18,15.31,-19.4,-22.2,-12.6,24.13,25.06,-15.8,1.74,6.99,-10.54,54.39,53.56
2020-10-25,16.44,-15.97,-16.03,-6.81,27.03,26.96,-9.11,1.78,7.6,-7.5,44.76,50.15
2020-11-01,11.85,-18.04,-17.23,-9.82,19.46,21.12,-11.43,-4.48,4.79,-11.07,39.43,45.28
2020-11-08,15.67,-19.52,-13,-6.66,30.39,27.23,-9.2,-4.41,5.79,-8.82,57.15,50.75
2020-11-15,20.96,-14.41,-2.15,-2.73,35.23,31.12,-5.53,0.5,12.68,1.82,62.62,48.05
2020-11-22,23.31,-10.88,0.01,-0.24,39.4,34.95,-4.71,2.31,12.65,0.01,67.93,44.41
2020-11-29,27.41,-7.03,5.72,-0.4,48.8,39.53,-3.33,0.55,14.31,0.33,70.65,47.53
2020-12-06,37,0.62,5.9,10.96,54.95,50.89,-0.95,0.56,20.77,3.36,82.89,53.55
2020-12-13,35.68,7.58,7.01,14.49,54.46,48.25,-2.47,5.77,20.66,6.08,79.72,51.03
2020-12-20,29.01,4.68,4.55,8.07,50.09,42.47,-8.24,7.49,16.85,6.69,80.87,46.76
2020-12-27,32.25,1.89,2.22,7.49,46.5,47.87,-7.13,6.62,18.58,5.2,64.09,48.05
2021-01-03,34.89,2.69,2.54,9.29,49.4,54.5,-6.4,6.7,20.13,7.25,68.06,48.76
2021-01-10,51.32,22.1,15.81,26.41,90.85,76.59,3.89,10.13,47,21.1,82.57,59.96
2021-01-17,42.78,15.6,4.21,14.4,80.47,64.44,1.2,4.55,41.49,16.18,65.96,48.64
2021-01-24,42.06,21.16,5.55,16.1,86.98,67.67,-1.46,6.88,49.17,22.95,59.43,57.76
2021-01-31,40.09,15.98,1.59,14.56,91.28,61.3,-3.73,7.47,39.01,21.37,53.87,57.82
2021-02-07,47.56,28.6,14.04,24.7,99.79,65.04,2.69,13.84,59.69,35.49,60.37,65.48
2021-02-14,44.21,26.11,9.66,18.47,94,63.59,5.54,14.12,48.84,32.47,50.01,66.79
2021-02-21,43.63,34.82,12.25,18.59,90.37,59.96,8.62,12.72,45.3,36.44,47.4,64.54
2021-02-28,49.06,35.27,19.29,32.47,88.5,63.87,14.01,16.85,50.29,45.32,49.03,62.01
2021-03-07,49.05,34.73,15.63,40.88,92.36,62.18,21.48,19.12,56.27,45.43,38.76,59.21
2021-03-14,71.06,65.16,51.38,59.32,123.6,88.29,46.15,30.97,81.22,68.67,47.08,77.61
2021-03-21,112.23,137.54,114.1,114.62,202.26,138.02,96.38,50.16,142.13,124.75,82.09,113.23
2021-03-28,84.44,97.23,98.29,87.97,138.07,98.19,61.37,40.79,98.5,114.01,49.81,97.04
2021-04-04,87.05,80.57,84.52,86.04,138.82,111.23,59.14,38.09,106.42,96.74,39.99,84.3
2021-04-11,76.79,76.39,72.36,88.22,123.7,95.6,55.7,29.04,85.5,77.11,33.39,89.47
2021-04-18,79.09,77.59,75.74,85.36,129.51,100.23,53.4,30.18,88.64,82.36,33.5,95.08
2021-04-25,72.75,71.12,73.26,101.62,122.3,92.92,58.3,21.15,81.45,78.27,28.7,78.98
2021-05-02,67.43,65.41,82.51,101.06,115.53,86.08,50.08,17.86,71.61,80.76,21.98,70.98
2021-05-09,72.35,73.97,80.76,117.18,127.93,86.73,61.35,20.82,80.63,92.86,23.89,66.68
2021-05-16,69.52,79.12,82.17,119.73,120.55,76.59,65.27,20.02,87.92,95.29,21.1,56.26
2021-05-23,63.8,71.68,72.91,104.17,101.13,71.5,56.74,18.75,76.37,89.08,19.31,57.33
2021-05-30,62.5,69.1,71.73,99.8,91.17,68.45,53.7,23.48,79.03,96.16,19.38,54.93
2021-06-06,54.45,60.1,64.77,75.77,84.61,61.18,42.22,20.75,67.61,81.93,10.21,55.94
2021-06-13,53.49,64.53,60.85,76.16,81.23,56.58,45.45,22.51,70.03,85.64,-2.87,60.64
2021-06-20,57.96,75.02,64.89,89.28,73.08,63.5,50.01,30.47,77.29,91.74,-5.06,68.26
2021-06-27,61.15,76.15,75.45,107.79,76.9,69.69,61.46,31.55,83.97,100.71,-3.02,61.91
2021-07-04,56.97,78.32,72.5,96,75.62,68.03,54.32,24.79,79.82,96.38,2.86,54.4
